<?xml version="1.0"?>
<cnf:configuration xmlns:xsi="http://www.w3.org/2001/XMLSchema-instance" id="IFC4" xsi:schemaLocation="urn:iso:std:iso:10303:-28:ed-2:tech:XMLschema:configuration_language http://www.buildingsmart-tech.org/ifcXML/IFC4/P28/cnf.xsd" xmlns:cnf="urn:iso:std:iso:10303:-28:ed-2:tech:XMLschema:configuration_language">
  <cnf:option inheritance="true" concrete-attribute="attribute-content" naming-convention="preserve-case" generate-keys="false" />
  <cnf:schema targetNamespace="http://www.buildingsmart-tech.org/ifcXML/IFC4/final" elementFormDefault="qualified" attributeFormDefault="unqualified" embed-schema-items="true">
    <cnf:namespace prefix="ifc" alias="http://www.buildingsmart-tech.org/ifcXML/IFC4/final" />
  </cnf:schema>
  <cnf:uosElement name="ifcXML" />
  <cnf:type select="NUMBER" map="xs:double" />
  <cnf:type select="BINARY" map="xs:hexBinary" />
  <cnf:type select="IfcStrippedOptional" keep="false" />
  <cnf:entity select="IfcApplication">
    <cnf:attribute select="ApplicationDeveloper" exp-attribute="attribute-tag" />
  </cnf:entity>
  <cnf:entity select="IfcAxis2Placement2D">
    <cnf:attribute select="RefDirection" exp-attribute="attribute-tag" />
  </cnf:entity>
  <cnf:entity select="IfcAxis2Placement3D">
    <cnf:attribute select="Axis" exp-attribute="attribute-tag" />
    <cnf:attribute select="RefDirection" exp-attribute="attribute-tag" />
  </cnf:entity>
  <cnf:entity select="IfcBuilding">
    <cnf:attribute select="BuildingAddress" exp-attribute="attribute-tag" />
  </cnf:entity>
  <cnf:entity select="IfcClassification">
    <cnf:attribute select="ReferenceTokens" exp-attribute="double-tag" />
    <cnf:inverse select="HasReferences" exp-attribute="double-tag" />
  </cnf:entity>
  <cnf:entity select="IfcClassificationReference">
    <cnf:attribute select="ReferencedSource" keep="false" />
    <cnf:inverse select="HasReferences" exp-attribute="double-tag" />
  </cnf:entity>
  <cnf:entity select="IfcContext">
    <cnf:attribute select="UnitsInContext" exp-attribute="attribute-tag" />
    <cnf:inverse select="IsDefinedBy" exp-attribute="double-tag" />
    <cnf:inverse select="Declares" exp-attribute="double-tag" />
  </cnf:entity>
  <cnf:entity select="IfcConversionBasedUnit">
    <cnf:attribute select="ConversionFactor" exp-attribute="attribute-tag" />
  </cnf:entity>
  <cnf:entity select="IfcCoordinateOperation">
    <cnf:attribute select="SourceCRS" keep="false" />
    <cnf:attribute select="TargetCRS" exp-attribute="attribute-tag" />
  </cnf:entity>
  <cnf:entity select="IfcCsgPrimitive3D">
    <cnf:attribute select="Position" exp-attribute="attribute-tag" />
  </cnf:entity>
  <cnf:entity select="IfcCurveBoundedPlane">
    <cnf:attribute select="BasisSurface" exp-attribute="attribute-tag" />
    <cnf:attribute select="OuterBoundary" exp-attribute="attribute-tag" />
  </cnf:entity>
  <cnf:entity select="IfcDerivedUnitElement">
    <cnf:attribute select="Unit" exp-attribute="attribute-tag" />
  </cnf:entity>
  <cnf:entity select="IfcDocumentReference">
    <cnf:attribute select="ReferencedDocument" exp-attribute="attribute-tag" />
  </cnf:entity>
  <cnf:entity select="IfcDoorLiningProperties">
    <cnf:attribute select="ShapeAspectStyle" exp-attribute="attribute-tag" />
  </cnf:entity>
  <cnf:entity select="IfcDoorPanelProperties">
    <cnf:attribute select="ShapeAspectStyle" exp-attribute="attribute-tag" />
  </cnf:entity>
  <cnf:entity select="IfcElement">
    <cnf:inverse select="HasProjections" exp-attribute="attribute-tag" />
    <cnf:inverse select="HasOpenings" exp-attribute="attribute-tag" />
  </cnf:entity>
  <cnf:entity select="IfcElementarySurface">
    <cnf:attribute select="Position" exp-attribute="attribute-tag" />
  </cnf:entity>
  <cnf:entity select="IfcExternalReferenceRelationship">
    <cnf:attribute select="RelatingReference" exp-attribute="attribute-tag" />
  </cnf:entity>
  <cnf:entity select="IfcFaceBound">
    <cnf:attribute select="Bound" exp-attribute="attribute-tag" />
  </cnf:entity>
  <cnf:entity select="IfcGeometricRepresentationContext">
    <cnf:attribute select="WorldCoordinateSystem" exp-attribute="double-tag" />
    <cnf:attribute select="TrueNorth" exp-attribute="attribute-tag" />
    <cnf:inverse select="HasSubContexts" exp-attribute="double-tag" />
    <cnf:inverse select="HasCoordinateOperation" exp-attribute="attribute-tag" />
  </cnf:entity>
  <cnf:entity select="IfcGeometricRepresentationSubContext">
    <cnf:attribute select="ParentContext" keep="false" />
  </cnf:entity>
  <cnf:entity select="IfcGridAxis">
    <cnf:attribute select="AxisCurve" exp-attribute="attribute-tag" />
  </cnf:entity>
  <cnf:entity select="IfcHalfSpaceSolid">
    <cnf:attribute select="BaseSurface" exp-attribute="attribute-tag" />
  </cnf:entity>
  <cnf:entity select="IfcIndexedPolyCurve">
    <cnf:attribute select="Points" exp-attribute="attribute-tag" />
  </cnf:entity>
  <cnf:entity select="IfcLocalPlacement">
    <cnf:attribute select="PlacementRelTo" exp-attribute="attribute-tag" />
  </cnf:entity>
  <cnf:entity select="IfcManifoldSolidBrep">
    <cnf:attribute select="Outer" exp-attribute="attribute-tag" />
  </cnf:entity>
  <cnf:entity select="IfcMaterial">
    <cnf:inverse select="HasRepresentation" exp-attribute="attribute-tag" />
  </cnf:entity>
  <cnf:entity select="IfcMaterialConstituent">
    <cnf:attribute select="Material" exp-attribute="attribute-tag" />
  </cnf:entity>
  <cnf:entity select="IfcMaterialDefinition">
    <cnf:inverse select="HasProperties" exp-attribute="double-tag" />
  </cnf:entity>
  <cnf:entity select="IfcMaterialDefinitionRepresentation">
    <cnf:attribute select="RepresentedMaterial" keep="false" />
  </cnf:entity>
  <cnf:entity select="IfcMaterialLayer">
    <cnf:attribute select="Material" exp-attribute="attribute-tag" />
  </cnf:entity>
  <cnf:entity select="IfcMaterialLayerSetUsage">
    <cnf:attribute select="ForLayerSet" exp-attribute="attribute-tag" />
  </cnf:entity>
  <cnf:entity select="IfcMaterialProfile">
    <cnf:attribute select="Material" exp-attribute="attribute-tag" />
    <cnf:attribute select="Profile" exp-attribute="attribute-tag" />
  </cnf:entity>
  <cnf:entity select="IfcMaterialProfileSet">
    <cnf:attribute select="CompositeProfile" exp-attribute="attribute-tag" />
  </cnf:entity>
  <cnf:entity select="IfcMaterialProfileSetUsage">
    <cnf:attribute select="ForProfileSet" exp-attribute="attribute-tag" />
  </cnf:entity>
  <cnf:entity select="IfcMaterialProfileSetUsageTapering">
    <cnf:attribute select="ForProfileEndSet" exp-attribute="attribute-tag" />
  </cnf:entity>
  <cnf:entity select="IfcMaterialProperties">
    <cnf:attribute select="Material" keep="false" />
  </cnf:entity>
  <cnf:entity select="IfcNamedUnit">
    <cnf:attribute select="Dimensions" exp-attribute="attribute-tag" />
  </cnf:entity>
  <cnf:entity select="IfcObject">
    <cnf:inverse select="IsDeclaredBy" exp-attribute="attribute-tag" />
    <cnf:inverse select="IsTypedBy" exp-attribute="attribute-tag" />
    <cnf:inverse select="IsDefinedBy" exp-attribute="double-tag" />
  </cnf:entity>
  <cnf:entity select="IfcObjectDefinition">
    <cnf:inverse select="Nests" />
    <cnf:inverse select="IsNestedBy" exp-attribute="double-tag" />
    <cnf:inverse select="IsDecomposedBy" exp-attribute="double-tag" />
    <cnf:inverse select="Decomposes" />
  </cnf:entity>
  <cnf:entity select="IfcOpeningElement">
    <cnf:inverse select="HasFillings" exp-attribute="attribute-tag" />
  </cnf:entity>
  <cnf:entity select="IfcOwnerHistory">
    <cnf:attribute select="OwningUser" exp-attribute="attribute-tag" />
    <cnf:attribute select="OwningApplication" exp-attribute="attribute-tag" />
    <cnf:attribute select="LastModifyingUser" exp-attribute="attribute-tag" />
    <cnf:attribute select="LastModifyingApplication" exp-attribute="attribute-tag" />
  </cnf:entity>
  <cnf:entity select="IfcPerson">
    <cnf:attribute select="MiddleNames" tagless="true" />
    <cnf:attribute select="PrefixTitles" tagless="true" />
    <cnf:attribute select="SuffixTitles" tagless="true" />
  </cnf:entity>
  <cnf:entity select="IfcPersonAndOrganization">
    <cnf:attribute select="ThePerson" exp-attribute="attribute-tag" />
    <cnf:attribute select="TheOrganization" exp-attribute="attribute-tag" />
  </cnf:entity>
  <cnf:entity select="IfcPhysicalSimpleQuantity">
    <cnf:attribute select="Unit" exp-attribute="attribute-tag" />
  </cnf:entity>
  <cnf:entity select="IfcPlacement">
    <cnf:attribute select="Location" exp-attribute="attribute-tag" />
  </cnf:entity>
  <cnf:entity select="IfcPolygonalBoundedHalfSpace">
    <cnf:attribute select="Position" exp-attribute="attribute-tag" />
    <cnf:attribute select="PolygonalBoundary" exp-attribute="attribute-tag" />
  </cnf:entity>
  <cnf:entity select="IfcPostalAddress">
    <cnf:attribute select="AddressLines" exp-attribute="double-tag" />
  </cnf:entity>
  <cnf:entity select="IfcProduct">
    <cnf:attribute select="ObjectPlacement" exp-attribute="attribute-tag" />
    <cnf:attribute select="Representation" exp-attribute="attribute-tag" />
  </cnf:entity>
  <cnf:entity select="IfcProductDefinitionShape">
    <cnf:inverse select="HasShapeAspects" exp-attribute="double-tag" />
  </cnf:entity>
  <cnf:entity select="IfcProfileDef">
    <cnf:inverse select="HasProperties" exp-attribute="double-tag" />
  </cnf:entity>
  <cnf:entity select="IfcProjectedCRS">
    <cnf:attribute select="MapUnit" exp-attribute="attribute-tag" />
  </cnf:entity>
  <cnf:entity select="IfcPropertyEnumeratedValue">
    <cnf:attribute select="EnumerationReference" exp-attribute="attribute-tag" />
  </cnf:entity>
  <cnf:entity select="IfcRelAggregates">
    <cnf:attribute select="RelatingObject" keep="false" />
  </cnf:entity>
  <cnf:entity select="IfcRelAssignsToControl">
    <cnf:attribute select="RelatingControl" exp-attribute="attribute-tag" />
  </cnf:entity>
  <cnf:entity select="IfcRelAssignsToGroup">
    <cnf:attribute select="RelatingGroup" exp-attribute="attribute-tag" />
  </cnf:entity>
  <cnf:entity select="IfcRelConnectsElements">
    <cnf:attribute select="ConnectionGeometry" exp-attribute="attribute-tag" />
    <cnf:attribute select="RelatingElement" exp-attribute="attribute-tag" />
    <cnf:attribute select="RelatedElement" exp-attribute="attribute-tag" />
  </cnf:entity>
  <cnf:entity select="IfcRelConnectsPorts">
    <cnf:attribute select="RelatingPort" exp-attribute="attribute-tag" />
    <cnf:attribute select="RelatedPort" exp-attribute="attribute-tag" />
    <cnf:attribute select="RealizingElement" exp-attribute="attribute-tag" />
  </cnf:entity>
  <cnf:entity select="IfcRelContainedInSpatialStructure">
    <cnf:attribute select="RelatingStructure" keep="false" />
  </cnf:entity>
  <cnf:entity select="IfcRelDefinesByObject">
    <cnf:attribute select="RelatingObject" keep="false" />
  </cnf:entity>
  <cnf:entity select="IfcRelDefinesByProperties">
    <cnf:attribute select="RelatedObjects" keep="false" />
  </cnf:entity>
  <cnf:entity select="IfcRelDefinesByType">
    <cnf:attribute select="RelatedObjects" keep="false" />
    <cnf:attribute select="RelatingType" exp-attribute="attribute-tag" />
  </cnf:entity>
  <cnf:entity select="IfcRelFillsElement">
    <cnf:attribute select="RelatingOpeningElement" keep="false" />
    <cnf:attribute select="RelatedBuildingElement" exp-attribute="attribute-tag" />
  </cnf:entity>
  <cnf:entity select="IfcRelFlowControlElements">
    <cnf:attribute select="RelatingFlowElement" exp-attribute="attribute-tag" />
  </cnf:entity>
  <cnf:entity select="IfcRelNests">
    <cnf:attribute select="RelatingObject" keep="false" />
  </cnf:entity>
  <cnf:entity select="IfcRelServicesBuildings">
    <cnf:attribute select="RelatingSystem" exp-attribute="attribute-tag" />
  </cnf:entity>
  <cnf:entity select="IfcRelSpaceBoundary">
    <cnf:attribute select="RelatedBuildingElement" exp-attribute="attribute-tag" />
    <cnf:attribute select="ConnectionGeometry" exp-attribute="attribute-tag" />
  </cnf:entity>
  <cnf:entity select="IfcRelSpaceBoundary1stLevel">
    <cnf:attribute select="ParentBoundary" exp-attribute="attribute-tag" />
  </cnf:entity>
  <cnf:entity select="IfcRelSpaceBoundary2ndLevel">
    <cnf:attribute select="CorrespondingBoundary" exp-attribute="attribute-tag" />
  </cnf:entity>
  <cnf:entity select="IfcRelVoidsElement">
    <cnf:attribute select="RelatingBuildingElement" keep="false" />
    <cnf:attribute select="RelatedOpeningElement" exp-attribute="attribute-tag" />
  </cnf:entity>
  <cnf:entity select="IfcRepresentation">
    <cnf:attribute select="ContextOfItems" exp-attribute="attribute-tag" />
  </cnf:entity>
  <cnf:entity select="IfcRepresentationItem">
    <cnf:inverse select="StyledByItem" exp-attribute="attribute-tag" />
  </cnf:entity>
  <cnf:entity select="IfcRepresentationMap">
    <cnf:attribute select="MappedRepresentation" exp-attribute="attribute-tag" />
  </cnf:entity>
  <cnf:entity select="IfcRoot">
    <cnf:attribute select="OwnerHistory" exp-attribute="attribute-tag" />
  </cnf:entity>
  <cnf:entity select="IfcSite">
    <cnf:attribute select="SiteAddress" exp-attribute="attribute-tag" />
  </cnf:entity>
  <cnf:entity select="IfcSpatialElement">
    <cnf:inverse select="ContainsElements" exp-attribute="double-tag" />
    <cnf:inverse select="ReferencesElements" exp-attribute="double-tag" />
  </cnf:entity>
  <cnf:entity select="IfcSweptAreaSolid">
    <cnf:attribute select="SweptArea" exp-attribute="attribute-tag" />
    <cnf:attribute select="Position" exp-attribute="attribute-tag" />
  </cnf:entity>
  <cnf:entity select="IfcTelecomAddress">
    <cnf:attribute select="TelephoneNumbers" tagless="true" />
    <cnf:attribute select="FacsimileNumbers" tagless="true" />
    <cnf:attribute select="ElectronicMailAddresses" tagless="true" />
    <cnf:attribute select="MessagingIDs" tagless="true" />
  </cnf:entity>
  <cnf:entity select="IfcWindowLiningProperties">
    <cnf:attribute select="ShapeAspectStyle" exp-attribute="attribute-tag" />
  </cnf:entity>
  <cnf:entity select="IfcWindowPanelProperties">
    <cnf:attribute select="ShapeAspectStyle" exp-attribute="attribute-tag" />
  </cnf:entity>
  <cnf:entity select="IfcWorkTime">
    <cnf:attribute select="RecurrencePattern" exp-attribute="attribute-tag" />
  </cnf:entity>
</cnf:configuration>